<?xml version="1.0" encoding="UTF-8"?>
<project-private xmlns="http://www.netbeans.org/ns/project-private/1">
    <editor-bookmarks xmlns="http://www.netbeans.org/ns/editor-bookmarks/2" lastBookmarkId="0"/>
    <open-files xmlns="http://www.netbeans.org/ns/projectui-open-files/2">
        <group>
            <file>file:/C:/EGITIM/prjornek/lcdd.X/mcc_generated_files/tmr1.c</file>
            <file>file:/C:/EGITIM/prjornek/lcdd.X/comm_1.c</file>
            <file>file:/C:/EGITIM/prjornek/lcdd.X/comm_1.h</file>
            <file>file:/C:/EGITIM/prjornek/lcdd.X/main.c</file>
            <file>file:/C:/EGITIM/prjornek/lcdd.X/LCDu.c</file>
            <file>file:/C:/EGITIM/prjornek/lcdd.X/mcc_generated_files/uart1.c</file>
        </group>
    </open-files>
</project-private>
